Chain ID,Residue name,Residue sequence,Conf 1(Input)
A,VAL,94,-0.0395
A,GLY,98,-0.0361
A,LEU,101,-0.1553
A,VAL,102,-0.0248
A,TRP,107,-0.0348
A,CYS,114,-0.0348
A,TRP,117,-0.1454
A,THR,118,-0.4338
A,SER,119,-0.0160
A,LEU,120,-0.0179
A,ASP,121,0.8315
A,VAL,122,-0.6915
A,LEU,123,-0.0767
A,CYS,124,-0.0325
A,VAL,125,-0.0904
A,THR,126,-0.1439
A,ALA,127,-0.0034
A,ILE,129,-0.0043
A,VAL,172,-0.0352
A,SER,173,-0.0826
A,ILE,177,-0.0482
A,CYS,198,-0.0158
A,CYS,199,0.0416
A,ASP,200,-0.4597
A,PHE,201,-1.0407
A,VAL,202,-0.0741
A,THR,203,-0.0698
A,TYR,207,-0.2618
A,ALA,208,-0.1166
A,ILE,209,-0.0155
A,ALA,210,-0.0199
A,SER,211,-0.3276
A,SER,212,-0.2100
A,ILE,213,-0.0233
A,ILE,214,-0.0521
A,SER,215,-0.1334
A,PHE,216,-0.1442
A,TYR,217,-0.0037
A,TRP,303,-0.3539
A,PHE,306,-0.6309
A,PHE,307,-0.6810
A,ASN,310,-0.2915
A,ASP,322,-0.0586
A,PHE,325,-0.5212
A,VAL,326,-0.2383
A,ALA,327,-0.0085
A,PHE,328,-0.0159
A,ASN,329,-0.1014
A,TRP,330,-0.0706
A,GLY,332,-0.0318
A,TYR,333,-0.4273

Intra-Ligand Free,,,-0.6403
Inter-Ligand Free,,,-11.1492
Total Free Energy,,,-11.7895
Normalized Total Free Energy,,,-8.2540
